{
    "with_mean": true,
    "with_std": true,
    "copy": true,
    "feature_names_in_": [
        "platform",
        "genre",
        "editors_choice",
        "release_year",
        "release_month",
        "release_day"
    ],
    "n_features_in_": 6,
    "n_samples_seen_": 14871,
    "mean_": [
        15.795104565933697,
        11.23051576894627,
        18.120502992401317,
        2006.5168448658462,
        7.137112500840562,
        15.602649451953466
    ],
    "var_": [
        162.00085290917892,
        131.17341079578054,
        15.26246107441442,
        21.182135052189196,
        12.102039379381756,
        75.15520513829556
    ],
    "scale_": [
        12.727955566750651,
        11.453096122698899,
        3.906719989251139,
        4.602405355049596,
        3.478798554009955,
        8.669210179612417
    ]
}